{
	"textures": [
		{
			"image": "bolt.png",
			"format": "RGBA8888",
			"size": {
				"w": 160,
				"h": 32
			},
			"scale": 1,
			"frames": [
				{
					"filename": "BOLT_0.png",
					"rotated": false,
					"trimmed": false,
					"sourceSize": {
						"w": 32,
						"h": 32
					},
					"spriteSourceSize": {
						"x": 0,
						"y": 0,
						"w": 32,
						"h": 32
					},
					"frame": {
						"x": 0,
						"y": 0,
						"w": 32,
						"h": 32
					}
				},
				{
					"filename": "BOLT_1.png",
					"rotated": false,
					"trimmed": false,
					"sourceSize": {
						"w": 32,
						"h": 32
					},
					"spriteSourceSize": {
						"x": 0,
						"y": 0,
						"w": 32,
						"h": 32
					},
					"frame": {
						"x": 32,
						"y": 0,
						"w": 32,
						"h": 32
					}
				},
				{
					"filename": "BOLT_4.png",
					"rotated": false,
					"trimmed": false,
					"sourceSize": {
						"w": 32,
						"h": 32
					},
					"spriteSourceSize": {
						"x": 0,
						"y": 0,
						"w": 32,
						"h": 32
					},
					"frame": {
						"x": 64,
						"y": 0,
						"w": 32,
						"h": 32
					}
				},
				{
					"filename": "BOLT_5.png",
					"rotated": false,
					"trimmed": false,
					"sourceSize": {
						"w": 32,
						"h": 32
					},
					"spriteSourceSize": {
						"x": 0,
						"y": 0,
						"w": 32,
						"h": 32
					},
					"frame": {
						"x": 96,
						"y": 0,
						"w": 32,
						"h": 32
					}
				},
				{
					"filename": "BOLT_6.png",
					"rotated": false,
					"trimmed": false,
					"sourceSize": {
						"w": 32,
						"h": 32
					},
					"spriteSourceSize": {
						"x": 0,
						"y": 0,
						"w": 32,
						"h": 32
					},
					"frame": {
						"x": 128,
						"y": 0,
						"w": 32,
						"h": 32
					}
				}
			]
		}
	],
	"meta": {
		"app": "https://www.codeandweb.com/texturepacker",
		"version": "3.0",
		"smartupdate": "$TexturePacker:SmartUpdate:a815c2edcadf6604cffca178dcde555a:1fa7e14992229378b5d10a425ab78dfc:786b18d6ac2995fbc971063b92f61e24$"
	}
}
