{
	"textures": [
		{
			"image": "georgedown.png",
			"format": "RGBA8888",
			"size": {
				"w": 144,
				"h": 48
			},
			"scale": 1,
			"frames": [
				{
					"filename": "george-0.png",
					"rotated": false,
					"trimmed": false,
					"sourceSize": {
						"w": 48,
						"h": 48
					},
					"spriteSourceSize": {
						"x": 0,
						"y": 0,
						"w": 48,
						"h": 48
					},
					"frame": {
						"x": 0,
						"y": 0,
						"w": 48,
						"h": 48
					}
				},
				{
					"filename": "george-4.png",
					"rotated": false,
					"trimmed": false,
					"sourceSize": {
						"w": 48,
						"h": 48
					},
					"spriteSourceSize": {
						"x": 0,
						"y": 0,
						"w": 48,
						"h": 48
					},
					"frame": {
						"x": 48,
						"y": 0,
						"w": 48,
						"h": 48
					}
				},
				{
					"filename": "george-12.png",
					"rotated": false,
					"trimmed": false,
					"sourceSize": {
						"w": 48,
						"h": 48
					},
					"spriteSourceSize": {
						"x": 0,
						"y": 0,
						"w": 48,
						"h": 48
					},
					"frame": {
						"x": 96,
						"y": 0,
						"w": 48,
						"h": 48
					}
				}
			]
		}
	],
	"meta": {
		"app": "https://www.codeandweb.com/texturepacker",
		"version": "3.0",
		"smartupdate": "$TexturePacker:SmartUpdate:6c8cf559f3c2431cdc8795e44ac82c30:0ab74d29691b082bfb2b11d2c4dfbb8c:e7942e0f73da45985957fb353fdaa44c$"
	}
}
