{
	"textures": [
		{
			"image": "georgeright.png",
			"format": "RGBA8888",
			"size": {
				"w": 144,
				"h": 48
			},
			"scale": 1,
			"frames": [
				{
					"filename": "george-3.png",
					"rotated": false,
					"trimmed": false,
					"sourceSize": {
						"w": 48,
						"h": 48
					},
					"spriteSourceSize": {
						"x": 0,
						"y": 0,
						"w": 48,
						"h": 48
					},
					"frame": {
						"x": 0,
						"y": 0,
						"w": 48,
						"h": 48
					}
				},
				{
					"filename": "george-7.png",
					"rotated": false,
					"trimmed": false,
					"sourceSize": {
						"w": 48,
						"h": 48
					},
					"spriteSourceSize": {
						"x": 0,
						"y": 0,
						"w": 48,
						"h": 48
					},
					"frame": {
						"x": 48,
						"y": 0,
						"w": 48,
						"h": 48
					}
				},
				{
					"filename": "george-15.png",
					"rotated": false,
					"trimmed": false,
					"sourceSize": {
						"w": 48,
						"h": 48
					},
					"spriteSourceSize": {
						"x": 0,
						"y": 0,
						"w": 48,
						"h": 48
					},
					"frame": {
						"x": 96,
						"y": 0,
						"w": 48,
						"h": 48
					}
				}
			]
		}
	],
	"meta": {
		"app": "https://www.codeandweb.com/texturepacker",
		"version": "3.0",
		"smartupdate": "$TexturePacker:SmartUpdate:9932d2e29df12bb122a4428b7115bb01:d7a5e638ddd71e96891dd8c311789d1c:36df358418c9b5fdcd2d228ff46c1d3f$"
	}
}
