{
	"textures": [
		{
			"image": "georgeup.png",
			"format": "RGBA8888",
			"size": {
				"w": 144,
				"h": 48
			},
			"scale": 1,
			"frames": [
				{
					"filename": "george-2.png",
					"rotated": false,
					"trimmed": false,
					"sourceSize": {
						"w": 48,
						"h": 48
					},
					"spriteSourceSize": {
						"x": 0,
						"y": 0,
						"w": 48,
						"h": 48
					},
					"frame": {
						"x": 0,
						"y": 0,
						"w": 48,
						"h": 48
					}
				},
				{
					"filename": "george-6.png",
					"rotated": false,
					"trimmed": false,
					"sourceSize": {
						"w": 48,
						"h": 48
					},
					"spriteSourceSize": {
						"x": 0,
						"y": 0,
						"w": 48,
						"h": 48
					},
					"frame": {
						"x": 48,
						"y": 0,
						"w": 48,
						"h": 48
					}
				},
				{
					"filename": "george-14.png",
					"rotated": false,
					"trimmed": false,
					"sourceSize": {
						"w": 48,
						"h": 48
					},
					"spriteSourceSize": {
						"x": 0,
						"y": 0,
						"w": 48,
						"h": 48
					},
					"frame": {
						"x": 96,
						"y": 0,
						"w": 48,
						"h": 48
					}
				}
			]
		}
	],
	"meta": {
		"app": "https://www.codeandweb.com/texturepacker",
		"version": "3.0",
		"smartupdate": "$TexturePacker:SmartUpdate:0ca61c8934286d6efb39882edb46f77c:c9731f17ad9a3b4ac9f0cb2240dcdf30:c3c7996ab7a832ec5b603a30c5fd44df$"
	}
}
