{
	"textures": [
		{
			"image": "georgeleft.png",
			"format": "RGBA8888",
			"size": {
				"w": 144,
				"h": 48
			},
			"scale": 1,
			"frames": [
				{
					"filename": "george-1.png",
					"rotated": false,
					"trimmed": false,
					"sourceSize": {
						"w": 48,
						"h": 48
					},
					"spriteSourceSize": {
						"x": 0,
						"y": 0,
						"w": 48,
						"h": 48
					},
					"frame": {
						"x": 0,
						"y": 0,
						"w": 48,
						"h": 48
					}
				},
				{
					"filename": "george-5.png",
					"rotated": false,
					"trimmed": false,
					"sourceSize": {
						"w": 48,
						"h": 48
					},
					"spriteSourceSize": {
						"x": 0,
						"y": 0,
						"w": 48,
						"h": 48
					},
					"frame": {
						"x": 48,
						"y": 0,
						"w": 48,
						"h": 48
					}
				},
				{
					"filename": "george-13.png",
					"rotated": false,
					"trimmed": false,
					"sourceSize": {
						"w": 48,
						"h": 48
					},
					"spriteSourceSize": {
						"x": 0,
						"y": 0,
						"w": 48,
						"h": 48
					},
					"frame": {
						"x": 96,
						"y": 0,
						"w": 48,
						"h": 48
					}
				}
			]
		}
	],
	"meta": {
		"app": "https://www.codeandweb.com/texturepacker",
		"version": "3.0",
		"smartupdate": "$TexturePacker:SmartUpdate:1c5ed00eb05a30358ae1aba1f6d72ea9:fd7898c99cbdb97fd475d8a20d0df55a:266c93c42e6c7b980b8a71bfcdc69d12$"
	}
}
